{"_wandb":{"runtime":101},"timesteps":600,"custom/collision_rate":0.5454545454545454,"global_step":481,"train/critic_loss":169.27946,"train/ent_coef_loss":-0.55325735,"rollout/ep_rew_mean":-1598.0503,"train/learning_rate":0.0003,"_step":18,"_timestamp":1.7694106883213387e+09,"_runtime":101,"train/ent_coef":0.89263165,"custom/success_rate":0.09090909090909091,"rollout/ep_len_mean":60.125,"time/fps":6,"train/actor_loss":45.550705,"custom/episodes":11}