{"train/ent_coef":0.2815248,"rollout/ep_len_mean":229.98,"train/actor_loss":-320.406,"timesteps":35000,"_timestamp":1.7688124037384052e+09,"global_step":34979,"time/fps":11,"train/critic_loss":34.449036,"_step":502,"_runtime":3148,"_wandb":{"runtime":3148},"rollout/ep_rew_mean":1152.7307,"custom/success_rate":0.2073170731707317,"custom/collision_rate":0.21951219512195122,"train/learning_rate":0.0003,"train/ent_coef_loss":-0.110245585,"custom/episodes":164}