{"custom/episodes":27,"train/actor_loss":-130.653,"train/ent_coef_loss":-0.12943034,"timesteps":6000,"_runtime":558,"time/fps":10,"train/critic_loss":3.1927264,"train/ent_coef":0.20752028,"_timestamp":1.768809239961143e+09,"global_step":5290,"custom/success_rate":0.07407407407407407,"_step":77,"custom/collision_rate":0.25925925925925924,"rollout/ep_rew_mean":1083.4214,"train/learning_rate":0.0003,"_wandb":{"runtime":558},"rollout/ep_len_mean":220.41667}