{"train/learning_rate":0.0003,"timesteps":10000,"_runtime":517,"global_step":9390,"rollout/ep_len_mean":180.57692,"train/critic_loss":6.754977,"custom/collision_rate":0.5370370370370371,"_timestamp":1.7653608808165777e+09,"train/actor_loss":-48.742558,"time/fps":19,"_wandb":{"runtime":517},"train/ent_coef_loss":-0.2212306,"custom/success_rate":0.037037037037037035,"custom/episodes":54,"_step":153,"train/ent_coef":0.17873728,"rollout/ep_rew_mean":263.0264}