{"train/critic_loss":9.359692,"_step":185,"rollout/ep_rew_mean":251.95695,"global_step":9962,"custom/episodes":69,"train/learning_rate":0.0003,"_runtime":911,"timesteps":10000,"_timestamp":1.7685758674246993e+09,"_wandb":{"runtime":911},"train/ent_coef":0.20804153,"custom/collision_rate":0.5072463768115942,"custom/success_rate":0.21739130434782608,"train/actor_loss":-50.4565,"train/ent_coef_loss":0.07590555,"time/fps":10,"rollout/ep_len_mean":146.5}