{"train/actor_loss":27.972027,"custom/episodes":7,"timesteps":400,"custom/success_rate":0.42857142857142855,"_runtime":77,"rollout/ep_len_mean":55.125,"_timestamp":1.7694127882973633e+09,"rollout/ep_rew_mean":-1115.1375,"train/ent_coef":0.9032872,"_step":17,"global_step":441,"train/critic_loss":39.388252,"custom/collision_rate":0.42857142857142855,"train/learning_rate":0.0003,"_wandb":{"runtime":77},"time/fps":8,"train/ent_coef_loss":-0.51731753}